Part,Target,Mode of Interaction,Interaction,What the user is saying,Menu options,What it becomes,Notes
1 Initiating move,Node,Comparison,Endorse,"""I hold this too"" / ""I agree, but for a different reason""","I already hold this, For my own reason, Point to node, Comment","Replicated onto own map, or merged with your node. 'For my own reason': your reason is saved as a node with a reason edge to the shared claim","NEW option 'For my own reason': captures 'same conclusion, different reasons'. Merge mechanics TBD."
1 Initiating move,Node,Comparison,Disagree,"""I think this is wrong""","Point to node, Comment",Disagreement recorded; counterpart position linked if pointed to,
1 Initiating move,Node,Comparison,Decline,"""I don't hold this""","I don't know, I see this differently, Point to node, Comment, Other",Remains unmatched on your side; reason recorded,Watch whether 'I see this differently' overlaps with Disagree.
1 Initiating move,Node,Inquiry,Request reason,"""Why do you hold this?"" / ""What's your source?""","A reason, Evidence or a source, Comment, Other",Request sent to the author; answered by adding a reason or evidence on their own map,NEW option 'Evidence or a source'.
1 Initiating move,Node,Inquiry,Request explanation,"""What do you mean by this?""","A word or term, How broadly it applies, Comment, Other",Clarification request; often leads to disambiguation,
1 Initiating move,Node,Inquiry,Propose alternative,"""Would you hold this version?""","Narrower, Clearer wording, More neutral wording, Comment, Other",Takes effect only if the author accepts (they revise their node),NEW option 'More neutral wording'. Comment carries the proposed wording (required).
1 Initiating move,Node,Inquiry,Offer reason,"""Here's a reason this holds — would you accept it?""","Point to node, Comment","Your reason is saved as a node with a reason edge to their node; if they accept, they adopt the edge",NEW. The constructive counterpart to Dispute; enables steelmanning.
1 Initiating move,Node,Argument,Dispute reasoning,"""This isn't true, because…""","See Dispute Menus tab (Base options for the node's frame or edge's type, plus any matching Add-ons), Point to node, Comment, Other",Your reason is saved as a node on your map → disagreement,Point to node: required or optional? (still your call)
1 Initiating move,Edge,Comparison,Endorse,"""Yes, X leads to Y""",Comment,Replicated onto own map → shared,
1 Initiating move,Edge,Comparison,Disagree,"""I accept both, but X doesn't lead to Y""","Point to node, Comment",Disagreement recorded on the connection itself,
1 Initiating move,Edge,Comparison,Decline,"""I'm not sure X leads to Y""","I don't know, I see this differently, Point to node, Comment, Other",Remains unmatched on your side; reason recorded,
1 Initiating move,Edge,Inquiry,Request reason,"""Why does X lead to Y?""","A reason, Evidence or a source, Comment, Other",Answer surfaces the unstated assumption or mechanism as a node,
1 Initiating move,Edge,Inquiry,Request explanation,"""What do you mean by this connection?""",Comment,Clarification request,
1 Initiating move,Edge,Inquiry,Propose alternative,"""Would you accept: X leads to Y only when C?""","Only under a condition, A weaker connection, Comment, Other",Takes effect only if the author accepts,Comment carries the proposed wording (required).
1 Initiating move,Edge,Inquiry,Offer reason,"""Here's why X leads to Y""","Point to node, Comment","Your reason (the missing assumption or mechanism) saved as a node; if they accept, they adopt it",NEW. Supplies the warrant for someone else's connection.
1 Initiating move,Edge,Argument,Dispute reasoning,"""X doesn't lead to Y, because…""","See Dispute Menus tab (Base options for the node's frame or edge's type, plus any matching Add-ons), Point to node, Comment, Other",Disagreement on the connection; your reason saved as a node,
2 Response,Request received,Response,Respond,"""Here's my reason"" / ""Here's what I mean"" / ""I don't know""","Answer, I don't know, Point to node, Comment, Other",Answer saved on the responder's own map; comparison recomputes,Being asked about a node needs no separate response: it invites Endorse / Disagree / Decline.
2 Response,Dispute received,Response,Respond,"""Fair, I'll revise"" / ""I still hold it"" / ""That's not what I said""","Accept, Partly accept, Reject, You've misrepresented my claim, Point to node, Comment, Other",Accept → author revises own map; Reject → disagreement stands; Misrepresented → the dispute is flagged as aimed at the wrong claim,"NEW option 'You've misrepresented my claim' (the straw-man gap). To ask back, use Request explanation on their reason node."
2 Response,Proposal or offered reason received,Response,Respond,"""Yes, I'd hold that"" / ""No""","Accept, Reject, Comment, Other","Accept → author's node revised, or the offered reason adopted; Reject → original stands",
